采样率,100,-140°,1449.23750000,零点角度,13.48,+140°,1799.46875000
时间(s),角度(°),角速度(°/s)
0.000000,1718.500000,0.000000
0.010000,1722.000000,0.000000
0.020000,1726.500000,0.000000
0.030000,1731.500000,0.000000
0.040000,1735.000000,0.000000
0.050000,1740.000000,0.000000
0.060000,1739.500000,0.000000
0.070000,1745.500000,0.000000
0.080000,1750.000000,0.000000
0.090000,1750.500000,0.000000
0.100000,1754.500000,0.000000
0.110000,1756.500000,0.000000
0.120000,1758.500000,0.000000
0.130000,1761.000000,0.000000
0.140000,1764.000000,0.000000
0.150000,1765.500000,0.000000
0.160000,1767.000000,303.120000
0.170000,1768.000000,287.500000
0.180000,1769.500000,268.750000
0.190000,1770.000000,240.620000
0.200000,1773.000000,237.500000
0.210000,1773.500000,209.380000
0.220000,1773.500000,212.500000
0.230000,1773.500000,175.000000
0.240000,1773.500000,146.880000
0.250000,1774.000000,146.880000
0.260000,1773.000000,115.620000
0.270000,1776.000000,121.880000
0.280000,1772.500000,87.500000
0.290000,1773.000000,75.000000
0.300000,1773.000000,56.250000
0.310000,1773.000000,46.880000
0.320000,1772.000000,31.250000
0.330000,1770.500000,15.620000
0.340000,1766.500000,-18.750000
0.350000,1765.000000,-31.250000
0.360000,1764.000000,-56.250000
0.370000,1761.500000,-75.000000
0.380000,1757.500000,-100.000000
0.390000,1757.000000,-103.120000
0.400000,1754.000000,-121.880000
0.410000,1749.500000,-153.120000
0.420000,1747.500000,-159.380000
0.430000,1743.500000,-203.120000
0.440000,1740.500000,-200.000000
0.450000,1735.500000,-234.380000
0.460000,1733.500000,-246.880000
0.470000,1728.500000,-278.120000
0.480000,1725.000000,-293.750000
0.490000,1721.000000,-309.380000
0.500000,1716.500000,-312.500000
0.510000,1710.000000,-343.750000
0.520000,1707.000000,-356.250000
0.530000,1701.000000,-378.120000
0.540000,1697.500000,-375.000000
0.550000,1692.000000,-406.250000
0.560000,1686.500000,-421.880000
0.570000,1680.500000,-431.250000
0.580000,1676.500000,-443.750000
0.590000,1672.500000,-443.750000
0.600000,1667.500000,-456.250000
0.610000,1662.500000,-456.250000
0.620000,1655.000000,-490.620000
0.630000,1650.500000,-487.500000
0.640000,1646.000000,-493.750000
0.650000,1641.500000,-496.880000
0.660000,1636.000000,-503.120000
0.670000,1631.000000,-493.750000
0.680000,1624.500000,-515.620000
0.690000,1619.500000,-509.380000
0.700000,1615.000000,-515.620000
0.710000,1608.000000,-525.000000
0.720000,1604.500000,-512.500000
0.730000,1599.500000,-506.250000
0.740000,1593.500000,-518.750000
0.750000,1588.500000,-525.000000
0.760000,1584.000000,-521.880000
0.770000,1580.500000,-512.500000
0.780000,1574.500000,-503.120000
0.790000,1569.500000,-506.250000
0.800000,1566.500000,-496.880000
0.810000,1562.500000,-493.750000
0.820000,1555.500000,-503.120000
0.830000,1551.500000,-496.880000
0.840000,1549.500000,-468.750000
0.850000,1544.500000,-468.750000
0.860000,1540.500000,-465.620000
0.870000,1535.500000,-453.120000
0.880000,1532.500000,-450.000000
0.890000,1526.500000,-456.250000
0.900000,1525.000000,-428.120000
0.910000,1522.000000,-415.620000
0.920000,1519.000000,-406.250000
0.930000,1516.000000,-403.120000
0.940000,1511.000000,-396.880000
0.950000,1510.000000,-371.880000
0.960000,1507.000000,-371.880000
0.970000,1505.000000,-359.380000
0.980000,1503.500000,-325.000000
0.990000,1500.500000,-318.750000
1.000000,1499.500000,-312.500000
1.010000,1497.000000,-296.880000
1.020000,1498.000000,-265.620000
1.030000,1496.500000,-243.750000
1.040000,1495.500000,-231.250000
1.050000,1497.000000,-184.380000
1.060000,1496.000000,-181.250000
1.070000,1495.000000,-168.750000
1.080000,1496.500000,-140.620000
1.090000,1497.000000,-118.750000
1.100000,1496.500000,-90.620000
1.110000,1497.000000,-81.250000
1.120000,1497.000000,-62.500000
1.130000,1497.500000,-46.880000
1.140000,1503.000000,-3.120000
1.150000,1504.500000,25.000000
1.160000,1507.500000,50.000000
1.170000,1509.000000,75.000000
1.180000,1511.500000,84.380000
1.190000,1514.500000,112.500000
1.200000,1519.500000,150.000000
1.210000,1521.000000,150.000000
1.220000,1525.500000,184.380000
1.230000,1528.500000,209.380000
1.240000,1534.500000,237.500000
1.250000,1536.000000,243.750000
1.260000,1542.000000,284.380000
1.270000,1545.500000,303.120000
1.280000,1551.000000,337.500000
1.290000,1555.000000,359.380000
1.300000,1559.000000,350.000000
1.310000,1564.000000,371.880000
1.320000,1569.000000,384.380000
1.330000,1571.500000,390.620000
1.340000,1577.000000,409.380000
1.350000,1581.500000,418.750000
1.360000,1585.000000,409.380000
1.370000,1591.500000,440.620000
1.380000,1596.500000,443.750000
1.390000,1602.000000,459.380000
1.400000,1607.000000,453.120000
1.410000,1610.000000,462.500000
1.420000,1617.500000,471.880000
1.430000,1619.500000,462.500000
1.440000,1626.000000,468.750000
1.450000,1629.500000,465.620000
1.460000,1635.500000,478.120000
1.470000,1641.000000,481.250000
1.480000,1644.000000,468.750000
1.490000,1653.000000,509.380000
1.500000,1655.000000,487.500000
1.510000,1661.500000,500.000000
1.520000,1666.000000,506.250000
1.530000,1670.500000,493.750000
1.540000,1676.000000,496.880000
1.550000,1680.000000,487.500000
1.560000,1686.000000,493.750000
1.570000,1691.000000,506.250000
1.580000,1697.000000,496.880000
1.590000,1699.000000,496.880000
1.600000,1705.000000,493.750000
1.610000,1709.500000,500.000000
1.620000,1713.500000,487.500000
1.630000,1718.000000,481.250000
1.640000,1721.000000,481.250000
1.650000,1726.500000,459.380000
1.660000,1730.000000,468.750000
1.670000,1732.500000,443.750000
1.680000,1736.500000,440.620000
1.690000,1740.000000,434.380000
1.700000,1742.000000,412.500000
1.710000,1745.000000,406.250000
1.720000,1748.000000,387.500000
1.730000,1750.000000,368.750000
1.740000,1754.000000,356.250000
1.750000,1755.500000,353.120000
1.760000,1758.000000,331.250000
1.770000,1760.000000,315.620000
1.780000,1761.500000,300.000000
1.790000,1762.000000,275.000000
1.800000,1765.500000,278.120000
1.810000,1765.000000,240.620000
1.820000,1768.500000,240.620000
1.830000,1767.500000,218.750000
1.840000,1769.500000,206.250000
1.850000,1768.500000,178.120000
1.860000,1769.500000,171.880000
1.870000,1768.000000,143.750000
1.880000,1769.500000,134.380000
1.890000,1769.000000,118.750000
1.900000,1768.000000,87.500000
1.910000,1767.500000,75.000000
1.920000,1767.000000,56.250000
1.930000,1769.000000,56.250000
1.940000,1768.000000,40.620000
1.950000,1764.500000,15.620000
1.960000,1764.000000,-9.380000
1.970000,1760.500000,-28.120000
1.980000,1759.000000,-59.380000
1.990000,1758.500000,-56.250000
2.000000,1755.000000,-90.620000
2.010000,1753.500000,-93.750000
2.020000,1749.000000,-128.120000
2.030000,1748.000000,-125.000000
2.040000,1745.000000,-153.120000
2.050000,1741.000000,-175.000000
2.060000,1736.500000,-196.880000
2.070000,1733.000000,-215.620000
2.080000,1731.500000,-221.880000
2.090000,1726.500000,-265.620000
2.100000,1723.000000,-281.250000
2.110000,1719.500000,-281.250000
2.120000,1717.000000,-293.750000
2.130000,1711.000000,-309.380000
2.140000,1705.500000,-334.380000
2.150000,1702.000000,-353.120000
2.160000,1698.000000,-356.250000
2.170000,1692.500000,-381.250000
2.180000,1688.000000,-381.250000
2.190000,1685.000000,-393.750000
2.200000,1677.500000,-421.880000
2.210000,1673.500000,-421.880000
2.220000,1669.500000,-418.750000
2.230000,1665.000000,-425.000000
2.240000,1659.000000,-453.120000
2.250000,1655.500000,-443.750000
2.260000,1648.000000,-468.750000
2.270000,1642.500000,-481.250000
2.280000,1638.500000,-490.620000
2.290000,1633.500000,-484.380000
2.300000,1628.000000,-484.380000
2.310000,1623.000000,-493.750000
2.320000,1618.000000,-500.000000
2.330000,1612.500000,-500.000000
2.340000,1607.000000,-506.250000
2.350000,1603.500000,-509.380000
2.360000,1597.000000,-503.120000
2.370000,1593.500000,-500.000000
2.380000,1589.000000,-503.120000
2.390000,1583.000000,-512.500000
2.400000,1579.500000,-496.880000
2.410000,1573.500000,-512.500000
2.420000,1570.000000,-487.500000
2.430000,1566.500000,-475.000000
2.440000,1561.000000,-484.380000
2.450000,1558.000000,-471.880000
2.460000,1556.000000,-450.000000
2.470000,1550.000000,-456.250000
2.480000,1546.500000,-446.880000
2.490000,1542.000000,-440.620000
2.500000,1539.000000,-425.000000
2.510000,1535.000000,-428.120000
2.520000,1532.000000,-406.250000
2.530000,1528.500000,-406.250000
2.540000,1525.000000,-400.000000
2.550000,1521.000000,-387.500000
2.560000,1519.000000,-378.120000
2.570000,1516.500000,-356.250000
2.580000,1513.500000,-353.120000
2.590000,1511.000000,-346.880000
2.600000,1509.500000,-321.880000
2.610000,1508.000000,-312.500000
2.620000,1506.000000,-312.500000
2.630000,1504.000000,-287.500000
2.640000,1506.500000,-250.000000
2.650000,1504.000000,-237.500000
2.660000,1503.000000,-225.000000
2.670000,1502.500000,-203.120000
2.680000,1502.500000,-184.380000
2.690000,1503.000000,-159.380000
2.700000,1502.000000,-143.750000
2.710000,1502.500000,-115.620000
2.720000,1504.000000,-93.750000
2.730000,1503.500000,-81.250000
2.740000,1502.000000,-71.880000
2.750000,1505.000000,-37.500000
2.760000,1507.500000,-12.500000
2.770000,1510.500000,15.620000
2.780000,1513.000000,43.750000
2.790000,1513.500000,59.380000
2.800000,1517.000000,65.620000
2.810000,1518.000000,87.500000
2.820000,1522.000000,118.750000
2.830000,1525.000000,140.620000
2.840000,1529.500000,168.750000
2.850000,1531.000000,175.000000
2.860000,1535.000000,206.250000
2.870000,1538.500000,225.000000
2.880000,1543.500000,246.880000
2.890000,1548.000000,278.120000
2.900000,1549.500000,296.880000
2.910000,1554.500000,309.380000
2.920000,1560.500000,331.250000
2.930000,1565.000000,340.620000
2.940000,1569.000000,350.000000
2.950000,1571.500000,362.500000
2.960000,1579.000000,387.500000
2.970000,1581.000000,393.750000
2.980000,1585.000000,393.750000
2.990000,1589.000000,400.000000
3.000000,1594.000000,403.120000
3.010000,1599.500000,428.120000
3.020000,1604.000000,431.250000
3.030000,1610.000000,446.880000
3.040000,1615.000000,446.880000
3.050000,1619.000000,443.750000
3.060000,1625.000000,471.880000
3.070000,1627.500000,456.250000
3.080000,1633.000000,453.120000
3.090000,1637.000000,450.000000
3.100000,1636.000000,418.750000
3.110000,1625.000000,334.380000
3.120000,1631.000000,325.000000
3.130000,1638.000000,356.250000
3.140000,1643.000000,362.500000
3.150000,1649.000000,375.000000
3.160000,1652.000000,362.500000
3.170000,1659.500000,375.000000
3.180000,1663.500000,371.880000
3.190000,1667.500000,359.380000
3.200000,1672.000000,356.250000
3.210000,1677.000000,362.500000
3.220000,1682.000000,356.250000
3.230000,1687.000000,371.880000
3.240000,1690.500000,359.380000
3.250000,1693.500000,353.120000
3.260000,1699.000000,393.750000
3.270000,1703.000000,487.500000
3.280000,1706.000000,468.750000
3.290000,1709.500000,446.880000
3.300000,1713.500000,440.620000
3.310000,1716.500000,421.880000
3.320000,1718.500000,415.620000
3.330000,1722.500000,393.750000
3.340000,1724.500000,381.250000
3.350000,1728.000000,378.120000
3.360000,1730.500000,365.620000
3.370000,1732.000000,343.750000
3.380000,1732.500000,315.620000
3.390000,1735.000000,300.000000
3.400000,1737.500000,293.750000
3.410000,1756.500000,393.750000
3.420000,1763.000000,400.000000
3.430000,1763.500000,378.120000
3.440000,1762.500000,353.120000
3.450000,1764.500000,343.750000
3.460000,1764.000000,315.620000
3.470000,1765.000000,303.120000
3.480000,1764.000000,284.380000
3.490000,1765.500000,268.750000
3.500000,1763.000000,240.620000
3.510000,1764.500000,228.120000
3.520000,1762.500000,200.000000
3.530000,1762.500000,190.620000
3.540000,1762.000000,184.380000
3.550000,1762.500000,171.880000
3.560000,1763.500000,162.500000
3.570000,1762.000000,34.380000
3.580000,1760.000000,-18.750000
3.590000,1757.500000,-37.500000
3.600000,1756.500000,-37.500000
3.610000,1754.500000,-62.500000
3.620000,1753.500000,-65.620000
3.630000,1751.500000,-84.380000
3.640000,1747.500000,-103.120000
3.650000,1744.500000,-131.250000
3.660000,1742.500000,-128.120000
3.670000,1740.500000,-150.000000
3.680000,1735.000000,-171.880000
3.690000,1733.000000,-184.380000
3.700000,1728.000000,-212.500000
3.710000,1726.500000,-225.000000
3.720000,1722.500000,-256.250000
3.730000,1716.500000,-284.380000
3.740000,1713.500000,-290.620000
3.750000,1711.000000,-290.620000
3.760000,1709.000000,-296.880000
3.770000,1703.000000,-321.880000
3.780000,1697.500000,-350.000000
3.790000,1694.500000,-356.250000
3.800000,1689.500000,-362.500000
3.810000,1684.500000,-375.000000
3.820000,1681.500000,-381.250000
3.830000,1675.000000,-409.380000
3.840000,1669.500000,-409.380000
3.850000,1667.000000,-412.500000
3.860000,1660.500000,-421.880000
3.870000,1655.000000,-446.880000
3.880000,1652.500000,-437.500000
3.890000,1646.000000,-440.620000
3.900000,1641.500000,-450.000000
3.910000,1637.000000,-462.500000
3.920000,1631.500000,-484.380000
3.930000,1628.000000,-468.750000
3.940000,1623.000000,-465.620000
3.950000,1618.000000,-478.120000
3.960000,1613.500000,-475.000000
3.970000,1608.000000,-478.120000
3.980000,1605.000000,-478.120000
3.990000,1599.000000,-475.000000
4.000000,1593.000000,-478.120000
4.010000,1590.000000,-481.250000
4.020000,1585.500000,-468.750000
4.030000,1580.500000,-465.620000
4.040000,1576.000000,-478.120000
4.050000,1572.000000,-462.500000
4.060000,1569.000000,-453.120000
4.070000,1565.500000,-446.880000
4.080000,1562.000000,-434.380000
4.090000,1556.000000,-450.000000
4.100000,1553.000000,-437.500000
4.110000,1550.000000,-425.000000
4.120000,1547.500000,-412.500000
4.130000,1543.500000,-403.120000
4.140000,1538.500000,-415.620000
4.150000,1536.000000,-393.750000
4.160000,1534.000000,-368.750000
4.170000,1529.500000,-378.120000
4.180000,1527.500000,-362.500000
4.190000,1526.500000,-337.500000
4.200000,1519.500000,-353.120000
4.210000,1519.500000,-328.120000
4.220000,1518.500000,-315.620000
4.230000,1515.500000,-312.500000
4.240000,1514.500000,-296.880000
4.250000,1511.500000,-278.120000
4.260000,1510.500000,-265.620000
4.270000,1512.000000,-237.500000
4.280000,1509.000000,-240.620000
4.290000,1509.500000,-212.500000
4.300000,1509.500000,-181.250000
4.310000,1508.500000,-171.880000
4.320000,1508.000000,-162.500000
4.330000,1508.500000,-131.250000
4.340000,1509.000000,-115.620000
4.350000,1508.000000,-115.620000
4.360000,1509.500000,-62.500000
4.370000,1511.000000,-53.120000
4.380000,1511.500000,-43.750000
4.390000,1513.500000,-12.500000
4.400000,1517.000000,15.620000
4.410000,1519.500000,50.000000
4.420000,1519.000000,53.120000
4.430000,1522.500000,65.620000
4.440000,1527.000000,112.500000
4.450000,1529.000000,121.880000
4.460000,1533.000000,146.880000
4.470000,1534.500000,162.500000
4.480000,1537.500000,184.380000
4.490000,1542.500000,212.500000
4.500000,1545.000000,225.000000
4.510000,1549.000000,256.250000
4.520000,1552.500000,268.750000
4.530000,1555.500000,278.120000
4.540000,1561.000000,309.380000
4.550000,1564.000000,315.620000
4.560000,1567.500000,315.620000
4.570000,1572.000000,328.120000
4.580000,1576.000000,356.250000
4.590000,1581.000000,365.620000
4.600000,1584.500000,359.380000
4.610000,1589.000000,375.000000
4.620000,1593.500000,378.120000
4.630000,1597.000000,390.620000
4.640000,1602.000000,403.120000
4.650000,1607.000000,403.120000
4.660000,1611.000000,412.500000
4.670000,1615.500000,415.620000
4.680000,1621.000000,428.120000
4.690000,1627.000000,446.880000
4.700000,1631.000000,437.500000
4.710000,1636.000000,450.000000
4.720000,1640.000000,453.120000
4.730000,1644.000000,450.000000
4.740000,1647.500000,446.880000
4.750000,1653.500000,453.120000
4.760000,1659.500000,468.750000
4.770000,1664.000000,468.750000
4.780000,1667.000000,459.380000
4.790000,1671.500000,465.620000
4.800000,1676.000000,462.500000
4.810000,1681.500000,465.620000
4.820000,1686.000000,468.750000
4.830000,1690.500000,468.750000
4.840000,1696.500000,471.880000
4.850000,1698.500000,446.880000
4.860000,1702.000000,443.750000
4.870000,1706.000000,437.500000
4.880000,1711.000000,443.750000
4.890000,1714.000000,437.500000
4.900000,1718.000000,440.620000
4.910000,1721.500000,425.000000
4.920000,1724.000000,403.120000
4.930000,1727.500000,396.880000
4.940000,1732.500000,409.380000
4.950000,1734.500000,393.750000
4.960000,1738.000000,387.500000
4.970000,1740.000000,365.620000
4.980000,1740.500000,340.620000
4.990000,1744.000000,334.380000
5.000000,1745.500000,306.250000
5.010000,1749.500000,318.750000
5.020000,1748.500000,290.620000
5.030000,1751.500000,284.380000
5.040000,1752.000000,256.250000
5.050000,1753.500000,246.880000
5.060000,1756.500000,240.620000
5.070000,1756.000000,215.620000
5.080000,1757.000000,206.250000
5.090000,1758.000000,190.620000
5.100000,1758.000000,159.380000
5.110000,1760.500000,162.500000
5.120000,1757.500000,121.880000
5.130000,1758.000000,112.500000
5.140000,1759.000000,115.620000
5.150000,1756.000000,75.000000
5.160000,1758.000000,78.120000
5.170000,1757.500000,50.000000
5.180000,1757.000000,53.120000
5.190000,1757.000000,34.380000
5.200000,1757.000000,31.250000
5.210000,1754.000000,3.120000
5.220000,1753.000000,-21.880000
5.230000,1751.000000,-31.250000
5.240000,1750.000000,-43.750000
5.250000,1747.500000,-65.620000
5.260000,1746.000000,-75.000000
5.270000,1742.000000,-115.620000
5.280000,1740.000000,-109.380000
5.290000,1737.500000,-128.120000
5.300000,1733.500000,-159.380000
5.310000,1722.500000,-209.380000
5.320000,1705.500000,-328.120000
5.330000,1702.500000,-343.750000
5.340000,1702.500000,-340.620000
5.350000,1696.500000,-378.120000
5.360000,1694.500000,-390.620000
5.370000,1692.000000,-387.500000
5.380000,1688.500000,-403.120000
5.390000,1685.000000,-412.500000
5.400000,1680.000000,-437.500000
5.410000,1677.500000,-437.500000
5.420000,1672.000000,-462.500000
5.430000,1667.500000,-465.620000
5.440000,1664.000000,-475.000000
5.450000,1660.500000,-481.250000
5.460000,1655.500000,-487.500000
5.470000,1650.500000,-450.000000
5.480000,1646.000000,-371.880000
5.490000,1642.000000,-378.120000
5.500000,1637.000000,-409.380000
5.510000,1633.000000,-396.880000
5.520000,1627.000000,-421.880000
5.530000,1623.500000,-428.120000
5.540000,1619.000000,-434.380000
5.550000,1613.000000,-450.000000
5.560000,1609.500000,-440.620000
5.570000,1606.000000,-446.880000
5.580000,1601.000000,-443.750000
5.590000,1596.500000,-443.750000
5.600000,1593.500000,-440.620000
5.610000,1587.000000,-459.380000
5.620000,1604.000000,-321.880000
5.630000,1599.000000,-321.880000
5.640000,1594.500000,-321.880000
5.650000,1588.500000,-334.380000
5.660000,1584.500000,-328.120000
5.670000,1581.000000,-325.000000
5.680000,1574.000000,-331.250000
5.690000,1571.000000,-328.120000
5.700000,1568.000000,-318.750000
5.710000,1563.000000,-312.500000
5.720000,1560.000000,-309.380000
5.730000,1558.000000,-300.000000
5.740000,1552.000000,-306.250000
5.750000,1549.500000,-293.750000
5.760000,1545.000000,-303.120000
5.770000,1543.000000,-275.000000
5.780000,1540.000000,-400.000000
5.790000,1537.000000,-387.500000
5.800000,1534.000000,-378.120000
5.810000,1531.000000,-359.380000
5.820000,1527.500000,-356.250000
5.830000,1526.000000,-343.750000
5.840000,1524.000000,-312.500000
5.850000,1523.000000,-300.000000
5.860000,1518.500000,-309.380000
5.870000,1520.500000,-265.620000
5.880000,1518.500000,-259.380000
5.890000,1516.000000,-262.500000
5.900000,1515.500000,-228.120000
5.910000,1515.000000,-215.620000
5.920000,1515.000000,-187.500000
5.930000,1514.500000,-178.120000
5.940000,1515.000000,-156.250000
5.950000,1514.500000,-140.620000
5.960000,1515.500000,-115.620000
5.970000,1516.000000,-93.750000
5.980000,1515.500000,-75.000000
5.990000,1516.000000,-62.500000
6.000000,1518.500000,-34.380000
6.010000,1519.000000,-25.000000
6.020000,1522.500000,25.000000
6.030000,1522.000000,9.380000
6.040000,1525.500000,43.750000
6.050000,1525.500000,59.380000
6.060000,1529.500000,87.500000
6.070000,1531.000000,100.000000
6.080000,1535.000000,125.000000
6.090000,1539.500000,156.250000
6.100000,1541.500000,165.620000
6.110000,1544.500000,187.500000
6.120000,1548.000000,203.120000
6.130000,1550.000000,212.500000
6.140000,1554.500000,243.750000
6.150000,1556.500000,253.120000
6.160000,1563.000000,278.120000
6.170000,1565.000000,287.500000
6.180000,1569.500000,293.750000
6.190000,1574.000000,325.000000
6.200000,1577.000000,321.880000
6.210000,1581.000000,346.880000
6.220000,1585.000000,346.880000
6.230000,1589.000000,362.500000
6.240000,1594.500000,371.880000
6.250000,1597.500000,362.500000
6.260000,1602.000000,378.120000
6.270000,1607.000000,390.620000
6.280000,1610.500000,390.620000
6.290000,1615.500000,409.380000
6.300000,1620.000000,409.380000
6.310000,1623.000000,415.620000
6.320000,1627.000000,400.000000
6.330000,1633.000000,425.000000
6.340000,1635.500000,412.500000
6.350000,1640.000000,412.500000
6.360000,1645.500000,428.120000
6.370000,1651.000000,437.500000
6.380000,1654.000000,431.250000
6.390000,1659.000000,437.500000
6.400000,1664.000000,434.380000
6.410000,1669.500000,450.000000
6.420000,1673.500000,446.880000
6.430000,1677.500000,440.620000
6.440000,1682.500000,450.000000
6.450000,1686.000000,440.620000
6.460000,1691.000000,443.750000
6.470000,1694.500000,446.880000
6.480000,1698.000000,443.750000
6.490000,1702.000000,431.250000
6.500000,1706.000000,440.620000
6.510000,1711.000000,443.750000
6.520000,1713.000000,421.880000
6.530000,1716.500000,409.380000
6.540000,1718.000000,400.000000
6.550000,1723.000000,400.000000
6.560000,1724.500000,378.120000
6.570000,1728.500000,368.750000
6.580000,1731.500000,362.500000
6.590000,1733.500000,350.000000
6.600000,1736.000000,334.380000
6.610000,1741.500000,346.880000
6.620000,1741.500000,315.620000
6.630000,1744.000000,309.380000
6.640000,1745.000000,293.750000
6.650000,1746.000000,275.000000
6.660000,1748.500000,265.620000
6.670000,1748.500000,234.380000
6.680000,1750.500000,234.380000
6.690000,1750.500000,212.500000
6.700000,1752.500000,215.620000
6.710000,1754.000000,193.750000
6.720000,1754.000000,184.380000
6.730000,1753.000000,153.120000
6.740000,1754.500000,143.750000
6.750000,1755.000000,134.380000
6.760000,1754.500000,115.620000
6.770000,1754.000000,78.120000
6.780000,1753.500000,75.000000
6.790000,1754.000000,62.500000
6.800000,1753.000000,50.000000
6.810000,1751.000000,31.250000
6.820000,1751.500000,18.750000
6.830000,1752.500000,25.000000
6.840000,1748.500000,-12.500000
6.850000,1747.000000,-21.880000
6.860000,1746.000000,-40.620000
6.870000,1744.000000,-62.500000
6.880000,1739.500000,-90.620000
6.890000,1727.500000,-159.380000
6.900000,1722.000000,-203.120000
6.910000,1714.500000,-253.120000
6.920000,1712.500000,-262.500000
6.930000,1710.000000,-275.000000
6.940000,1707.000000,-290.620000
6.950000,1705.500000,-303.120000
6.960000,1701.500000,-321.880000
6.970000,1698.500000,-328.120000
6.980000,1695.500000,-350.000000
6.990000,1692.000000,-378.120000
7.000000,1689.000000,-371.880000
7.010000,1686.500000,-378.120000
7.020000,1681.000000,-406.250000
7.030000,1677.000000,-418.750000
7.040000,1672.500000,-418.750000
7.050000,1669.000000,-365.620000
7.060000,1665.000000,-356.250000
7.070000,1663.500000,-318.750000
7.080000,1657.000000,-346.880000
7.090000,1653.000000,-356.250000
7.100000,1647.500000,-371.880000
7.110000,1645.000000,-378.120000
7.120000,1640.000000,-384.380000
7.130000,1635.500000,-393.750000
7.140000,1632.500000,-393.750000
7.150000,1624.500000,-421.880000
7.160000,1621.000000,-425.000000
7.170000,1618.000000,-428.120000
7.180000,1612.500000,-428.120000
7.190000,1631.500000,-284.380000
7.200000,1625.000000,-296.880000
7.210000,1620.500000,-303.120000
7.220000,1615.500000,-309.380000
7.230000,1611.000000,-328.120000
7.240000,1606.000000,-318.750000
7.250000,1601.000000,-325.000000
7.260000,1596.500000,-318.750000
7.270000,1590.500000,-340.620000
7.280000,1587.000000,-331.250000
7.290000,1584.000000,-321.880000
7.300000,1580.500000,-325.000000
7.310000,1576.000000,-303.120000
7.320000,1573.500000,-296.880000
7.330000,1567.500000,-315.620000
7.340000,1566.500000,-287.500000
7.350000,1561.500000,-437.500000
7.360000,1560.000000,-406.250000
7.370000,1555.500000,-406.250000
7.380000,1553.500000,-387.500000
7.390000,1548.500000,-390.620000
7.400000,1548.500000,-359.380000
7.410000,1543.500000,-359.380000
7.420000,1542.500000,-337.500000
7.430000,1538.500000,-325.000000
7.440000,1535.500000,-321.880000
7.450000,1534.000000,-312.500000
7.460000,1533.000000,-296.880000
7.470000,1530.500000,-284.380000
7.480000,1528.000000,-284.380000
7.490000,1525.500000,-262.500000
7.500000,1525.500000,-256.250000
7.510000,1524.000000,-234.380000
7.520000,1524.500000,-221.880000
7.530000,1521.500000,-212.500000
7.540000,1521.000000,-203.120000
7.550000,1522.000000,-165.620000
7.560000,1521.500000,-168.750000
7.570000,1521.000000,-140.620000
7.580000,1521.500000,-131.250000
7.590000,1522.500000,-100.000000
7.600000,1521.500000,-87.500000
7.610000,1521.000000,-81.250000
7.620000,1523.000000,-62.500000
7.630000,1524.000000,-40.620000
7.640000,1525.000000,-18.750000
7.650000,1527.000000,9.380000
7.660000,1528.500000,18.750000
7.670000,1531.500000,46.880000
7.680000,1532.500000,50.000000
7.690000,1536.000000,90.620000
7.700000,1539.000000,112.500000
7.710000,1541.500000,121.880000
7.720000,1543.500000,137.500000
7.730000,1547.500000,165.620000
7.740000,1551.000000,184.380000
7.750000,1553.500000,193.750000
7.760000,1557.000000,221.880000
7.770000,1560.000000,243.750000
7.780000,1562.500000,246.880000
7.790000,1564.500000,253.120000
7.800000,1570.000000,281.250000
7.810000,1573.000000,287.500000
7.820000,1577.000000,303.120000
7.830000,1581.500000,312.500000
7.840000,1585.500000,331.250000
7.850000,1589.000000,331.250000
7.860000,1592.500000,334.380000
7.870000,1595.500000,337.500000
7.880000,1600.000000,353.120000
7.890000,1605.000000,359.380000
7.900000,1609.500000,365.620000
7.910000,1614.000000,378.120000
7.920000,1617.000000,375.000000
7.930000,1622.500000,390.620000
7.940000,1626.000000,396.880000
7.950000,1631.500000,418.750000
7.960000,1634.000000,400.000000
7.970000,1639.500000,415.620000
7.980000,1643.500000,415.620000
7.990000,1648.000000,415.620000
8.000000,1650.000000,403.120000
8.010000,1657.000000,425.000000
8.020000,1661.500000,431.250000
8.030000,1663.500000,425.000000
8.040000,1667.000000,418.750000
8.050000,1675.000000,437.500000
8.060000,1675.500000,412.500000
8.070000,1682.500000,428.120000
8.080000,1684.500000,421.880000
8.090000,1690.000000,421.880000
8.100000,1693.500000,421.880000
8.110000,1686.500000,343.750000
8.120000,1684.500000,315.620000
8.130000,1685.000000,284.380000
8.140000,1686.500000,268.750000
8.150000,1691.500000,271.880000
8.160000,1693.500000,271.880000
8.170000,1699.000000,262.500000
8.180000,1700.500000,243.750000
8.190000,1703.000000,246.880000
8.200000,1707.000000,250.000000
8.210000,1711.500000,228.120000
8.220000,1713.000000,234.380000
8.230000,1715.000000,203.120000
8.240000,1717.500000,206.250000
8.250000,1720.000000,187.500000
8.260000,1721.500000,175.000000
8.270000,1722.500000,225.000000
8.280000,1724.500000,250.000000
8.290000,1727.000000,262.500000
8.300000,1727.000000,253.120000
8.310000,1728.500000,231.250000
8.320000,1728.500000,218.750000
8.330000,1731.000000,200.000000
8.340000,1729.500000,181.250000
8.350000,1730.500000,171.880000
8.360000,1731.500000,153.120000
8.370000,1732.500000,131.250000
8.380000,1733.000000,125.000000
8.390000,1730.500000,96.880000
8.400000,1732.000000,90.620000
8.410000,1734.500000,90.620000
8.420000,1755.000000,209.380000
8.430000,1753.000000,190.620000
8.440000,1753.000000,178.120000
8.450000,1751.000000,150.000000
8.460000,1747.500000,128.120000
8.470000,1746.500000,112.500000
8.480000,1743.000000,90.620000
8.490000,1742.500000,71.880000
8.500000,1741.500000,75.000000
8.510000,1738.500000,50.000000
8.520000,1734.500000,18.750000
8.530000,1733.500000,6.250000
8.540000,1732.000000,-6.250000
8.550000,1727.500000,-18.750000
8.560000,1726.000000,-37.500000
8.570000,1721.000000,-84.380000
8.580000,1720.000000,-218.750000
8.590000,1715.500000,-234.380000
8.600000,1711.000000,-262.500000
8.610000,1708.000000,-268.750000
8.620000,1707.500000,-250.000000
8.630000,1701.500000,-281.250000
8.640000,1699.000000,-275.000000
8.650000,1693.000000,-309.380000
8.660000,1692.500000,-306.250000
8.670000,1687.500000,-318.750000
8.680000,1683.500000,-318.750000
8.690000,1680.000000,-334.380000
8.700000,1677.500000,-340.620000
8.710000,1672.000000,-346.880000
8.720000,1667.500000,-365.620000
8.730000,1664.000000,-356.250000
8.740000,1660.500000,-371.880000
8.750000,1654.000000,-384.380000
8.760000,1650.500000,-378.120000
8.770000,1646.500000,-384.380000
8.780000,1641.000000,-415.620000
8.790000,1637.500000,-400.000000
8.800000,1632.500000,-415.620000
8.810000,1627.000000,-412.500000
8.820000,1627.000000,-409.380000
8.830000,1621.000000,-415.620000
8.840000,1617.500000,-412.500000
8.850000,1611.500000,-428.120000
8.860000,1608.500000,-431.250000
8.870000,1604.000000,-425.000000
8.880000,1600.500000,-418.750000
8.890000,1597.000000,-418.750000
8.900000,1592.500000,-425.000000
8.910000,1588.500000,-409.380000
8.920000,1585.500000,-406.250000
8.930000,1582.000000,-403.120000
8.940000,1577.500000,-396.880000
8.950000,1574.500000,-393.750000
8.960000,1570.000000,-390.620000
8.970000,1568.000000,-368.750000
8.980000,1565.500000,-384.380000
8.990000,1561.500000,-371.880000
9.000000,1559.000000,-365.620000
9.010000,1557.000000,-340.620000
9.020000,1552.500000,-350.000000
9.030000,1550.500000,-334.380000
9.040000,1548.000000,-328.120000
9.050000,1545.000000,-325.000000
9.060000,1544.000000,-303.120000
9.070000,1540.500000,-300.000000
9.080000,1537.500000,-300.000000
9.090000,1536.500000,-284.380000
9.100000,1534.000000,-271.880000
9.110000,1533.500000,-256.250000
9.120000,1531.500000,-240.620000
9.130000,1530.000000,-237.500000
9.140000,1530.000000,-221.880000
9.150000,1529.500000,-200.000000
9.160000,1528.000000,-193.750000
9.170000,1527.500000,-184.380000
9.180000,1527.000000,-159.380000
9.190000,1527.500000,-143.750000
9.200000,1526.000000,-137.500000
9.210000,1528.500000,-103.120000
9.220000,1528.500000,-96.880000
9.230000,1528.000000,-78.120000
9.240000,1529.000000,-53.120000
9.250000,1529.500000,-43.750000
9.260000,1531.500000,-15.620000
9.270000,1531.500000,-12.500000
9.280000,1533.500000,12.500000
9.290000,1535.500000,34.380000
9.300000,1536.500000,40.620000
9.310000,1538.500000,56.250000
9.320000,1542.000000,87.500000
9.330000,1544.000000,103.120000
9.340000,1546.000000,118.750000
9.350000,1548.000000,128.120000
9.360000,1551.500000,159.380000
9.370000,1555.000000,165.620000
9.380000,1558.500000,187.500000
9.390000,1561.000000,206.250000
9.400000,1564.000000,218.750000
9.410000,1568.000000,240.620000
9.420000,1570.500000,243.750000
9.430000,1575.000000,271.880000
9.440000,1576.500000,268.750000
9.450000,1581.000000,284.380000
9.460000,1584.000000,296.880000
9.470000,1588.000000,309.380000
9.480000,1591.500000,309.380000
9.490000,1595.500000,321.880000
9.500000,1600.500000,340.620000
9.510000,1603.500000,346.880000
9.520000,1606.500000,343.750000
9.530000,1612.000000,356.250000
9.540000,1613.500000,343.750000
9.550000,1620.000000,368.750000
9.560000,1623.000000,368.750000
9.570000,1629.000000,381.250000
9.580000,1631.000000,378.120000
9.590000,1636.000000,381.250000
9.600000,1640.500000,400.000000
9.610000,1644.000000,393.750000
9.620000,1649.000000,406.250000
9.630000,1652.500000,403.120000
9.640000,1655.500000,400.000000
9.650000,1660.000000,403.120000
9.660000,1664.500000,400.000000
9.670000,1669.000000,409.380000
9.680000,1672.000000,409.380000
9.690000,1676.000000,400.000000
9.700000,1680.000000,415.620000
9.710000,1684.500000,403.120000
9.720000,1687.500000,403.120000
9.730000,1691.500000,390.620000
9.740000,1694.000000,393.750000
9.750000,1697.500000,384.380000
9.760000,1701.500000,381.250000
9.770000,1705.000000,381.250000
9.780000,1708.500000,371.880000
9.790000,1711.000000,365.620000
9.800000,1714.500000,368.750000
9.810000,1717.000000,356.250000
9.820000,1722.000000,359.380000
9.830000,1722.000000,331.250000
9.840000,1725.000000,331.250000
9.850000,1728.500000,328.120000
9.860000,1729.000000,306.250000
9.870000,1732.500000,300.000000
9.880000,1733.000000,284.380000
9.890000,1735.000000,271.880000
9.900000,1736.500000,265.620000
9.910000,1738.000000,253.120000
9.920000,1741.000000,246.880000
9.930000,1741.500000,228.120000
9.940000,1743.000000,215.620000
9.950000,1741.500000,190.620000
9.960000,1743.500000,181.250000
9.970000,1744.000000,168.750000
9.980000,1744.500000,140.620000
9.990000,1744.000000,137.500000
10.000000,1743.500000,115.620000
10.010000,1745.000000,103.120000
10.020000,1744.000000,93.750000
10.030000,1745.000000,78.120000
10.040000,1745.500000,78.120000
10.050000,1745.500000,65.620000
10.060000,1744.500000,50.000000
10.070000,1742.000000,25.000000
10.080000,1743.500000,15.620000
10.090000,1740.500000,-6.250000
10.100000,1739.500000,-21.880000
10.110000,1738.500000,-18.750000
10.120000,1736.000000,-46.880000
10.130000,1735.000000,-56.250000
10.140000,1732.500000,-75.000000
10.150000,1730.000000,-87.500000
10.160000,1727.500000,-100.000000
10.170000,1725.500000,-121.880000
10.180000,1722.500000,-134.380000
10.190000,1720.500000,-153.120000
10.200000,1717.500000,-175.000000
10.210000,1714.500000,-193.750000
10.220000,1712.000000,-203.120000
10.230000,1709.500000,-203.120000
10.240000,1705.000000,-240.620000
10.250000,1704.000000,-228.120000
10.260000,1697.000000,-265.620000
10.270000,1696.000000,-265.620000
10.280000,1690.000000,-287.500000
10.290000,1688.500000,-290.620000
10.300000,1685.000000,-296.880000
10.310000,1684.000000,-287.500000
10.320000,1678.000000,-309.380000
10.330000,1674.500000,-318.750000
10.340000,1670.000000,-328.120000
10.350000,1665.500000,-343.750000
10.360000,1663.000000,-340.620000
10.370000,1659.000000,-346.880000
10.380000,1653.500000,-365.620000
10.390000,1650.000000,-371.880000
10.400000,1645.000000,-375.000000
10.410000,1640.500000,-396.880000
10.420000,1637.500000,-371.880000
10.430000,1633.000000,-393.750000
10.440000,1628.000000,-387.500000
10.450000,1623.500000,-406.250000
10.460000,1621.000000,-400.000000
10.470000,1617.500000,-415.620000
10.480000,1613.000000,-406.250000
10.490000,1610.000000,-403.120000
10.500000,1605.000000,-406.250000
10.510000,1601.500000,-400.000000
10.520000,1597.500000,-409.380000
10.530000,1594.500000,-403.120000
10.540000,1591.000000,-390.620000
10.550000,1586.500000,-396.880000
10.560000,1584.000000,-381.250000
10.570000,1581.000000,-371.880000
10.580000,1575.500000,-387.500000
10.590000,1573.000000,-375.000000
10.600000,1571.500000,-353.120000
10.610000,1567.000000,-353.120000
10.620000,1564.500000,-353.120000
10.630000,1562.000000,-346.880000
10.640000,1559.500000,-334.380000
10.650000,1556.500000,-334.380000
10.660000,1555.000000,-312.500000
10.670000,1553.000000,-303.120000
10.680000,1548.500000,-306.250000
10.690000,1547.000000,-296.880000
10.700000,1544.500000,-290.620000
10.710000,1543.500000,-268.750000
10.720000,1541.000000,-268.750000
10.730000,1542.500000,-240.620000
10.740000,1538.500000,-231.250000
10.750000,1538.500000,-215.620000
10.760000,1536.000000,-221.880000
10.770000,1534.500000,-203.120000
10.780000,1535.500000,-181.250000
10.790000,1534.000000,-175.000000
10.800000,1532.500000,-168.750000
10.810000,1533.500000,-143.750000
10.820000,1533.000000,-137.500000
10.830000,1533.500000,-121.880000
10.840000,1535.000000,-84.380000
10.850000,1534.500000,-78.120000
10.860000,1532.500000,-75.000000
10.870000,1535.000000,-53.120000
